Text	Valence_Mean	Arousal_Mean	Valence_SD	Arousal_SD
郭文貴的態度已經很明確了	5.0	6.333	0.0	0.471
燕施恩走出醫院的那段話太揪心了	3.0	7.0	0.0	0.707
倒也足以列入神作殿堂	6.333	5.0	0.471	0.707
不能一跛一跛的走	4.5	5.5	0.5	1.118
奴隸的祖輩一開始被奴役時	3.667	4.0	0.471	1.414
全心奉獻給所有家庭成員	7.5	6.25	0.5	0.829
我們要避免這一天的到來	4.667	6.0	0.943	0.816
也沒有這種魄力	4.0	4.5	0.0	0.5
很多人還在爭論要不要存糧	4.6	4.25	0.49	0.829
有稱男童被猥褻致肛?	2.5	6.667	0.5	0.943
以厭勝之術詛咒教主	3.5	6.0	1.118	0.816
玷汙國家形象不知恥	2.333	7.0	0.943	0.0
最淺顯易懂的方式推廣蔬食	6.4	4.5	0.49	0.5
典型溫情醫療劇	6.667	3.0	0.471	1.414
不過幾百年的領先而已	5.0	3.0	0.0	0.0
和高通起訴蘋果的套路一樣	4.5	5.25	0.5	0.433
米德加爾特大陸主要由三個國家分據	5.0	2.667	0.0	1.247
菲律賓總統杜特蒂10日稱讚中國的經濟發展和中國人民的工作態度	6.5	5.0	0.5	0.707
但今天就有女生穿粗跟涼鞋參加	5.0	3.333	0.0	2.055
站街的妓女看誰都是出來賣的	2.5	6.0	0.5	1.0
從來都是那些如同中國共畜坑騙	2.0	6.333	0.0	0.471
而且之前很多人有吃到開放大陸人來臺觀光的甜頭	6.0	5.0	0.816	2.16
最後被歐蒂娜啟發最後靠自己的意志走出學校	6.5	4.25	0.5	1.92
我給香港特首老同事的一句勸告	4.667	4.333	0.943	2.055
各種偏執與需要被照顧到的情緒都有了清楚的面向	6.5	4.5	0.5	0.5
但是在欺詐作弊上可是老手	3.333	6.0	0.471	2.16
沒有寶二蘇特很可惜但我該知足	6.0	6.0	0.0	0.0
為當時前線的人民子弟兵敬禮	7.0	4.667	0.816	2.494
真的很難以置信	5.0	6.75	0.0	0.433
那些衛生間太難聞了	2.75	6.0	0.433	0.0
一些長輩的看法是感到荒謬	4.0	5.0	0.0	0.816
沒有及早觀察到她的缺陷	3.0	5.4	0.0	1.2
永隆前高層妻哭訴	3.0	5.333	0.0	2.494
用純真的心看見	7.4	5.0	0.49	1.225
或像你這樣含糊其辭一句帶過	3.6	5.25	0.49	0.829
除了在全港不同地方設立輻射監測站	5.333	2.667	0.471	0.471
讓臺灣幾乎倒退回數十年前的加工出口特區	3.0	5.0	0.707	0.0
這不是信仰而是褻瀆神靈	3.0	6.75	0.0	0.829
但獨吞我們地方農產外銷的功勞這個我就不能忍受了	3.0	7.5	0.0	0.5
水果的酸甜感跟巧克力的味道搭配起來滿和諧的	6.333	4.333	0.471	0.471
鳥語花香向來都是讓人暇意愉快的美景	6.667	5.0	0.471	0.816
保證能吃的都吃膩了	4.0	4.2	0.0	1.833
其狼子野心可見一斑	3.333	6.333	0.471	0.943
所謂拆除都是違建	4.5	5.0	0.5	2.0
留意一下看看是不是都來自同一家店	5.0	2.667	0.0	0.943
當時的臺灣太富饒	5.0	4.2	1.789	1.833
這個人扮豬吃老虎情結很重	3.333	6.667	0.471	0.471
蕩婦一邊和老公通電話	3.0	6.333	0.0	0.471
舉國的審美與風尚也會發生變化	5.25	4.75	0.433	1.09
妳支撐了多少支持者的心靈	6.333	6.333	0.471	0.471
牧師長老為什麼能公然違背主的話	3.0	6.6	0.0	0.49
但為什麼這麼難熬	3.5	6.25	0.5	0.433
容許法庭嚴懲釋出假新聞或資訊的個人及網路平臺	5.5	5.333	1.118	0.471
從你嘴裡說出簡直像天籟	7.0	6.333	0.0	0.471
梳理和處理社會上出現的各種犯罪	5.667	4.0	0.471	0.816
還有有名的人上電視替它們宣傳	6.0	6.0	1.0	0.816
真是顛覆了我的三觀	4.0	6.75	0.894	0.433
你寫個穩定產出的部落格我也算你有	7.0	6.0	0.0	0.0
餵親都要搏鬥半個鐘	4.0	5.333	0.707	0.471
你是不是嚴重低估了小孩的小聰明和智商	3.6	6.75	0.49	0.829
劣誕下的怪胎!它們禍害華夏近百年	2.0	8.0	0.0	0.0
清明生日也是4	5.0	2.667	0.0	1.247
不停地找事物來迷戀	5.333	4.333	1.7	2.055
自己要送異性戀先淘氣的業餘女孩	5.667	4.0	0.471	2.16
卷宗丟失調查取得進展	5.667	3.333	0.471	1.7
脫褲子放輕快屁	5.0	3.0	0.707	1.414
黑暗中的一點螢火	6.667	2.0	0.471	1.414
他不僅僅是忘恩負義	3.0	7.0	0.707	0.707
那為什麼現在我們國家步步走向繁榮	6.333	6.0	0.471	1.414
安守自己純真至善的本性	6.6	3.8	0.49	1.6
總有一些骯髒齷齪之人為了蠅頭小利甘願當狗腿子漢奸	2.667	7.0	0.471	0.0
都變得很有理由了	5.0	3.5	1.0	0.5
狠心棄養自己的骨肉	2.6	6.0	0.49	0.894
只能靠忙碌來麻醉自己	3.667	4.333	0.471	0.471
他尋求初步禁令	5.0	2.75	0.0	1.479
原本過著和平的高中生活的兩人	5.667	5.333	0.471	1.247
事出反常必有妖	4.0	5.75	0.0	0.829
如果歐巴馬即將執政的時候冒出一個他媽媽跟普丁生的私生子	4.0	5.333	0.816	0.471
還真是飛來橫禍不砸花花草草專砸我	3.0	6.5	0.0	0.5
就愈讓人們懷疑這些故事	4.0	5.0	0.707	0.707
一個萬人唾棄的紅色通緝犯和一個被邊緣化的所謂	2.333	6.667	0.471	0.471
全部用奇異筆圈出來	5.0	3.0	0.0	2.0
能讓電視機前的老鄉爽一週	7.0	5.0	0.0	0.0
有的甚至被當場性侵至休克	2.667	6.667	0.471	0.943
製造過最觸目驚心的饑荒	2.5	5.333	1.118	0.471
癌症治療一個月需要4	5.0	3.0	0.0	1.414
女生就會更不勇敢	4.0	4.5	0.707	2.693
被持槍搶劫130萬女官員	3.0	5.0	0.816	2.449
被犯規很少有哨	5.333	4.333	0.471	0.471
我們的絕熱板的效能達不到英國和日本的絕熱板的效能	4.0	4.0	0.0	0.707
你經常受到生活中不如意的事所影響	4.0	5.667	0.0	0.471
太真誠的表達內心	6.5	4.4	0.866	2.245
桑塔露琪亞的小船在搖晃	5.0	2.25	0.0	1.299
無論既遂或未遂	4.333	4.333	0.943	1.7
深圳特區的奠基人	6.0	2.5	1.0	1.5
實際上紐約慈航基金與慈善沒有半毛關係	4.667	3.75	0.471	1.92
那種不屑的調調	3.0	5.333	0.0	0.471
今天刷推很踴躍的樣子	6.6	6.0	0.49	1.414
一直不停的在迷惘	3.0	5.8	0.0	0.4
義勇推感覺都是懂得體現自己慾望的成熟大人	6.75	3.25	0.433	0.433
讓鍛煉變得越來越	5.0	4.667	0.0	0.471
出兵80人上戰場	4.667	4.0	0.471	2.449
這明顯是對匪自己不利才會選擇的行為	4.333	4.333	0.943	2.357
西醫治了多家醫院	6.75	5.25	0.433	0.433
這些堅果超營養	8.0	6.4	0.707	1.356
負有政治輔導責任的教師	6.5	2.0	1.118	0.816
我非常瞭解和欽佩的人	7.0	6.0	0.707	0.816
學歷最高30分	4.667	4.333	0.471	0.471
美國和英國共謀語文建議	5.4	3.2	0.49	1.6
冰箱等傢俱損毀後	3.0	3.667	0.0	1.7
我會毫不猶疑的下嫁於他	5.5	6.2	0.5	2.135
你們又不是貧窮的人	4.5	5.0	0.5	1.0
至少是煩躁而不是易怒狀態	6.0	4.5	0.0	0.5
那麼美方就會大受鼓舞	6.0	5.75	0.0	1.92
忙碌的現代人學得簡易按穴法	5.6	4.5	0.49	0.866
而且郭蹲下去的時候她的肢體僵硬到	3.333	4.0	0.471	2.55
可能繼續活著總會看清	5.667	5.667	0.471	0.471
你的眼睛讓我入迷	7.0	5.0	0.0	2.0
但封賞那無賴和要齊王的封號幾件事確有幾分調皮	4.333	5.667	0.471	0.471
則不可得志於天下矣	4.0	4.2	0.0	2.926
網路上隨便哪個相同興趣的很少會是同伴	4.0	6.333	0.707	0.471
喧鬧的人都在流浪	4.0	3.6	0.0	2.332
研究人員的性別可能影響實驗鼠的疼痛反應	5.0	3.75	0.0	1.92
一夜清寒侵幽巷	5.0	3.0	0.0	1.673
將護膚重心放在舒緩鎮靜上面	6.0	1.667	0.707	0.471
由針槍補足一些	6.0	3.0	0.0	1.414
是何等慷慨浩然	7.0	7.0	0.894	1.414
我爸爸癌症確診	3.25	5.2	0.433	2.04
看公開信的革命情懷	6.667	5.667	0.471	1.7
摔筆或是很用力劃掉原稿	3.0	7.0	0.0	0.0
他富有我不覺得自己高攀	6.0	5.25	0.0	0.433
先是當了大壞蛋舅舅	3.6	4.8	0.49	1.939
民選議員被褫奪議席	3.4	3.2	0.49	2.04
甚至分開只是合理化你的行為	3.0	5.0	0.0	0.816
它的裂痕始終存在	3.0	6.25	0.0	1.299
談判一定會討價還價	4.0	5.0	0.0	1.414
美國已在該地區發動心理戰	5.0	3.0	0.0	1.581
已經快頂住高壓線塔了麼	4.5	4.0	0.5	2.121
這幾個作秀都很突兀	3.5	5.5	0.5	0.5
精通各種出道和翻牆的技術	6.5	4.2	0.5	1.47
年民進黨空前大挫敗	3.0	6.5	0.0	0.866
不一起慶生不代表我在你心中不重要	7.333	7.333	0.471	0.471
去剪頭髮被設計師說看動物星球頻道感覺很博學	6.667	4.333	0.471	0.943
野心利己的俄國到了?後退	3.667	6.0	0.471	0.816
真令人心曠神怡	6.75	5.75	0.829	0.433
你們的女神林昭能激勵你們什麼	3.75	6.5	0.829	1.5
參選者大都以為自己有本事使臺灣經濟繁榮就可以被擁護當選	4.0	5.0	0.0	1.414
這條瘋狗喪盡人味兒	2.667	4.667	0.471	0.471
即使沒有人為你鼓掌	5.5	3.5	0.5	0.866
川普繼續在推特上挑釁	3.25	5.5	0.433	0.866
為什麼貼紙出入境泰國順暢無比	4.5	5.5	0.5	0.5
每次見面還是很新鮮呢	6.5	6.0	0.5	0.0
當你的生命力在我眼前一點一滴消逝	3.0	4.4	0.0	1.855
如果你要把你的孩子當廢物養	2.6	7.6	0.49	0.49
那臺灣人還在客氣什麼	4.0	6.6	0.707	1.356
作為終極審判者	5.0	2.667	0.0	1.7
胸不平何以平天下	5.5	4.75	0.5	1.09
這什麼奇妙的展開	6.0	6.5	0.0	0.866
是如何把你培養得如此從容	6.5	4.6	0.5	1.2
越是覺得自己很厲害而自滿的人	4.333	5.333	0.471	1.247
冰火問我怎麼區分知己	5.0	4.4	0.0	1.625
是你們支撐著我	7.0	6.667	0.0	0.471
缺乏睡眠會扭曲你的基因	4.5	4.75	0.5	0.829
女孩緊緊抓住男子的衣服	5.0	3.667	0.0	1.247
我來日本以後從來不跟支那人交往	3.333	5.667	0.471	0.471
而今如履薄冰的句句諾言	3.333	5.667	0.471	1.886
兩天的假日根本不夠彌補身心靈的創傷	3.5	4.75	0.5	0.829
只是妳得設法忽視他背後那根情緒反應變化既強烈又明顯的隱形尾巴	5.0	3.0	0.0	2.0
大意我身居海外	5.0	6.333	0.0	0.471
不需要解釋安撫	5.0	2.25	0.0	0.829
那些所謂的傷心痛苦和生活相比狗屁都不算	3.0	7.333	0.707	0.471
辛酸並娛樂地去感恩	6.0	6.0	0.0	0.0
六七月份或蔓延至華北啃玉米	4.333	5.0	0.471	0.0
專屬於你的王妃	7.0	5.0	0.0	2.121
我應該多產點糧	5.5	3.2	0.5	1.6
譬如酒駕騎車摔水溝昏迷	4.0	4.0	0.0	0.0
老實說有很洩氣也有很溫暖的部分	5.333	5.667	0.471	0.471
子瑜本人像仙女一定是無庸置疑的	8.333	8.667	0.471	0.471
首先中國的工業用地價格就會暴跌	3.667	6.333	0.471	1.247
高價醫材是另一件事情	5.0	5.0	0.0	0.0
這幫傢伙就是內戰內行	3.5	6.0	0.5	0.707
這回貿易戰會犧牲很多無辜者	3.0	5.2	0.0	0.98
冀望能和長達九年的考試生涯告別	6.333	6.0	0.471	1.633
泛起嫋嫋的煙霧	5.0	3.0	0.0	0.0
也說不定明天就會變回灰綠了	4.0	5.0	0.0	0.816
都苛求彼此不得	4.5	4.5	0.5	0.5
盡管當下仍然阻礙重重	5.667	5.667	0.471	1.247
抑鬱症也是精神病	5.0	4.0	0.0	0.0
那還是德國沒提防的情況下	4.0	5.0	0.0	0.0
激動處青筋爆現	5.0	5.75	0.0	1.92
也得以發現了咒術的天賦	6.5	5.5	0.5	0.5
講價值理念無效可以談經濟民生	4.25	4.75	0.829	0.829
一定就必須引進外來的	5.0	4.8	0.0	2.561
平田博士說現在確實有問題	3.6	3.5	0.49	0.5
就是讓世界科技停滯不前	3.0	5.5	0.0	1.5
每一條都是特許中國	4.0	6.25	0.0	0.829
我突然渴望他認識我	6.0	6.0	0.816	2.449
中國早已不是外向出口型經濟了	5.333	4.333	0.471	2.494
賣弄一下矯情的文字或有限度的性感是	4.5	4.0	0.5	2.236
但是不能因為立場而卑鄙到顛倒黑白的程度	4.0	7.25	0.707	0.829
三者合一便構成如此風流雅緻的姿態	7.0	6.0	0.707	0.0
收受和行賄25人	3.333	4.667	0.471	0.471
為什麼我逛街時堅決要自己行動不要他陪	4.75	4.6	0.433	2.577
要贈送經過開化寺註生娘娘加持	6.333	4.0	1.247	1.414
九天玄女等神從而增進宿命論中的姻緣	6.0	4.0	0.707	0.816
只是感覺鏡頭可捕捉	5.0	3.2	0.0	1.47
當歐洲兩極分化已經到達空前絕後的程度	3.25	5.5	0.433	0.5
我覺得只是被放在旁邊的泰泰很安適了真的	5.667	4.333	1.247	2.055
潘家錚等德高望重的科學家	6.333	5.0	0.471	0.816
一系列目標上倍下賭注	5.0	4.0	0.0	1.0
你們如果不饒恕別人	4.5	7.5	0.5	0.5
有的父母是嚴厲的管教孩子	5.333	3.0	0.471	1.633
讓生活更便利一點的小物	6.0	5.0	0.0	0.0
都是我用盡全力寫的文	7.667	6.0	0.943	2.449
是真的能夠撼動人心的	7.5	7.0	0.5	1.414
但因為你的媽媽生病了	3.6	4.75	0.49	0.829
那麼高尚的是王	6.75	5.0	0.433	0.707
但是我沒有?電梯抽煙道德阿	3.333	6.5	0.943	0.5
何必因為欠債而做出這種如今要悔恨終生的事	3.0	5.667	0.0	0.471
當然必需要靠透視的幫忙	5.667	4.667	0.943	1.247
也恐將掐斷他們最珍視的	3.0	7.0	0.0	0.707
風輕歌全身的肉都繃緊了	5.5	5.75	1.118	1.09
發覺自己連私生活也沒有	3.0	6.5	0.0	0.5
聖母婊就是裝成聖母的淫婦	2.75	4.25	0.433	1.479
以前我就是混黑道的	4.0	6.0	0.0	0.816
可惜沒有奶只能靠召喚石輔助	3.5	4.0	0.5	0.0
變得跟狗一樣順從	3.667	3.667	0.943	3.091
我覺得家事適度就可以	6.0	5.0	0.0	0.816
卻支援卡扎菲這樣的嗜血暴君感到詫異	3.25	7.25	0.829	1.479
的話我們也無法體會到百餘年	4.5	3.333	0.5	0.471
但是居然一個禮物	5.5	6.333	0.5	0.471
中華民族可會一蹶不振	3.333	5.0	0.471	0.816
絕不承擔法律責任	5.0	5.75	0.0	2.861
緋聞總能佔據微博熱搜版	3.6	5.75	0.49	0.829
我倒希望你是仙人	5.0	6.0	0.0	0.0
早已過了爭風吃醋	4.6	4.0	0.49	0.707
還要佔領別人的國家	3.0	6.0	0.0	0.0
債務還有27	4.0	3.0	0.0	1.414
它不會為中國帶來什麼根本性的變動	3.5	4.0	0.5	1.0
畢業於知青勞改隊的文盲習近平	3.75	5.0	0.433	1.225
所以比起來氣急敗壞的議員才像壞人	4.0	6.25	0.0	1.299
我一定會很難過	2.75	8.0	0.433	0.707
中國平均每六個人就有一個癌症患者	2.667	3.0	0.471	1.633
聖經那麼多則斥責人的話	3.5	6.0	0.5	0.707
如果大陸用美國這套混帳制度	3.0	6.5	0.0	0.5
有一位成員犧牲了	2.333	4.667	0.943	2.055
艾而歐語補習班無預警停業	3.0	5.667	0.816	2.494
我只有五分之一都成日不是憑空消失就是被貓藏起來	4.6	2.5	0.49	1.118
雖然宗教的核心是神祕的和超出人世的	6.0	3.0	0.0	1.414
白宮是小喇叭下達命令的指揮中心	5.0	3.0	0.0	0.707
這王明完全是粗野莽夫一個	3.0	5.4	0.0	1.744
不能被負面能量衝昏頭迷失自我	6.0	5.667	1.633	2.055
看起來倒像是寄生蟲卵	4.4	4.6	0.49	0.49
人生的無常與虛華	3.0	4.0	0.707	2.0
因為我是一個喜新厭舊的人	4.667	4.75	0.471	2.586
我們在陳述的是你國人事實行為	4.75	5.0	0.433	0.707
的姿勢可以降低你從障礙物後露出的輪廓	5.0	4.0	0.0	1.0
我家廚房真的不大	4.0	7.0	0.0	0.0
讓蔡英文保有模糊空間	4.5	4.0	0.5	1.0
潛伏在皖南的山村水廓間	6.0	2.0	1.0	1.0
食物都遭受莫大的汙染	3.0	6.5	0.0	0.5
咖啡香氣瀰漫整個空間	7.0	3.0	0.0	0.0
雖然他說這當消遣	4.4	4.75	0.49	0.433
民主黨主席胡志偉在會議室內淚流滿面	2.0	4.5	1.0	2.5
人格塌陷的惡棍	3.667	5.0	0.471	0.0
原生家庭的桎梏怎麼可能那麼容易擺脫掉	3.4	6.5	0.49	0.866
失業潮湧向街頭	3.6	4.25	0.49	0.829
有海納百川的雅量	8.5	4.4	0.5	1.744
就變得比較快樂	6.6	4.4	0.49	1.744
宋專門寫了一封電報給蔣經國	5.0	3.5	0.0	1.5
地震來時伴隨著低沉的振動和聲響	5.0	2.333	0.0	1.886
已隨季節更迭而培養起的身體敏銳知覺	6.4	5.0	0.49	0.707
我甚至開始享受吃藥這件事情	6.0	6.0	1.633	0.816
4軍事政變推翻反人類	4.0	6.0	0.816	1.414
所以許諾了高福利	6.0	4.25	0.0	0.829
卻得到一鼰赤?	4.333	4.0	0.471	2.449
顛倒是非黑白的品德郭文貴簡直信手拈來	3.5	6.5	0.5	0.5
無論他編造的郭條條有多完美	4.0	5.75	0.0	0.433
不論我怎麼期盼	4.0	4.5	0.0	1.5
少來挑撥離間這一套了	3.6	6.25	0.49	0.433
能做你爹的還不夠高貴	3.4	6.2	0.49	0.98
的締造標準必定是	5.0	3.8	0.0	2.315
瑞巖溪野生動物重要棲息環境	5.333	2.667	0.471	1.7
有居民申訴整個週末信箱都開著	4.0	5.75	0.0	0.433
汝已違犯於彼等	3.0	8.0	0.0	0.0
他本人很開朗也很貼心	7.0	4.5	1.0	0.5
以求得到精神上的超然解脫	7.0	6.333	0.707	0.943
曾經有過一個很轟動的帖子	5.0	8.5	0.0	0.5
或者工作失敗咋搞	3.0	6.667	0.0	0.471
我並非不贊同普世價值觀	4.0	4.5	0.0	0.5
繼續整理手頭瑣事	5.0	2.333	0.0	1.886
也有能讓青年的我有所共鳴的細膩處	6.6	5.4	0.49	1.2
丟棄支那廉價產品	5.0	5.667	0.816	0.943
77應該比較算天然的自尊心高	5.5	2.5	0.5	1.5
感覺政策還是有些極端了	4.0	6.0	0.0	0.0
需要是七歲孩童般的純淨	6.333	4.333	0.943	1.7
鑑賞等諸多才藝於一身	6.6	4.5	0.49	0.5
簡姓爸爸上網求助	5.0	1.333	0.0	0.471
跟隨人民日報邏輯	4.667	3.0	0.471	1.414
建國你多擔待點	5.0	4.0	0.0	2.16
男兒何不帶吳鉤	5.0	4.0	0.0	0.0
郭文貴今日再造法庭謠言	3.0	4.2	0.0	1.47
我恨我自己太晚跟隨到神聖大師	3.75	7.25	0.433	1.09
願你照你的話憐憫我	3.333	5.0	0.471	2.16
低濃度阿托品眼藥水可減學童近視加深速度七成	6.5	5.5	0.5	1.118
結果多年後弟弟變成菁英凱旋歸國跟碩珍搶繼承權	3.5	4.5	0.5	1.118
只有沒有錢跟賺不到錢跟很小氣的男森才會說人家拜金女	3.667	7.0	0.471	0.0
惡意殺價和持有毒品聞名	3.667	5.0	0.471	0.816
現在有些只拘留	4.0	5.0	0.0	0.0
當政府開始大量搜捕猶太人的時候	4.5	4.0	0.5	1.225
其實就連美國也是一直是在兩者之間來回搖擺的	5.0	4.667	0.0	0.471
略帶發力的緊張	4.333	3.75	0.471	1.92
不過叫你心裡留神	5.0	6.0	0.0	1.0
中華人民共和國內政腐敗侵害人權	1.5	5.5	0.5	0.5
若不是眼見情郎臂骨折斷	4.0	6.333	0.0	0.471
邀請你一同探索潛藏內心	6.0	3.667	0.816	1.247
第一反應就是反抗	4.0	5.333	0.816	2.055
到時候您不覺得讚了就不讚了哈哈哈	5.0	5.667	0.816	3.399
貝勒爺您是已經被天霸的美貌俘獲了喲	6.333	6.667	0.471	0.471
以免被他們佔便宜	4.0	6.0	0.707	0.816
謊言連篇倒是第一!	3.0	7.75	0.0	0.829
考慮外賣小哥違停實際原因	5.0	2.8	0.0	1.6
又稱季節性懶惰症候群	4.0	4.5	0.0	0.5
因為你遺傳了媽媽的個性或是態度或是氣質	6.0	4.5	0.0	0.5
以命相搏是無奈之舉	3.6	5.25	0.49	0.829
用他們壓榨別人回來的錢捐款甚至資助新創	4.4	6.0	1.744	0.0
頑固的推行加贈關稅	3.5	5.25	0.5	0.829
感謝追星路上阿米為防彈及彼此應援	7.0	5.5	0.0	0.866
延緩經濟垮塌的程序	6.0	3.75	0.0	1.299
保留可以轉圜的餘地	6.0	4.75	0.0	0.433
表示憂慮及關注	6.0	7.0	0.0	0.0
我的人生遇見了重大挫折	3.0	6.333	0.707	1.247
美國升級關稅舉措不僅將損害美中兩國經濟	3.0	4.5	0.0	0.5
整個官僚機制和國民內鬥的齒輪咬合咬合	3.5	6.0	0.5	0.0
回國無門且官司纏身	2.5	5.75	0.5	0.433
可是說謊就不同	4.0	4.2	0.0	1.939
完全感覺不到絲毫的科學性	4.0	4.5	0.0	0.866
為能捐獻高質量	6.0	4.0	1.0	0.816
怎麼了有什麼地雷嗎	4.0	5.0	0.0	0.816
有點像是小資產階級或軍閥	5.0	3.0	0.0	2.0
這趟旅程真的不怎麼令人盡興	3.0	4.667	0.816	0.943
長輩們喜出望外	7.0	4.8	0.0	2.135
不斷的在心裡哭泣	3.0	5.0	0.816	1.633
我要讓自己看起來燦爛無比	7.0	6.0	0.0	0.894
但是鳥的圖案則不太適合放在夫婦的睡房	4.0	4.75	0.0	0.829
不然就安靜的看	4.667	3.667	0.471	1.7
感人的歌聲優美動聽	7.5	6.0	0.5	0.707
彼此之間合作融洽	6.5	5.0	0.5	0.0
西亞某國也是不斷被騷擾	3.6	5.0	0.49	0.0
李倩怡潛逃至臺灣首度發聲	5.333	3.333	0.471	0.471
後被警方告知已經關押	3.6	5.5	0.49	0.5
每個群有助教維持秩序和整理問題	6.0	3.0	0.0	0.816
滿足不了執法需要	3.4	4.75	0.49	1.09
香港人要全部出來抗爭	5.5	6.0	1.118	0.816
我發現市面上也是一種榮譽	6.75	5.0	0.433	0.894
再準確的預警都於事無補	3.0	3.25	0.0	0.433
鳥啼而欣然有會	7.0	7.0	0.0	0.0
跪成化石也沒用	3.5	4.75	0.5	1.299
記得以前就有看到過談對捐卵傷害認識不足的文章	5.0	5.0	0.0	0.707
會阻塞車輛通道	4.4	4.25	0.49	0.829
而且將阻礙全世界的穩定和繁榮發展	3.0	5.5	0.0	0.5
這才在週日早上宣佈徵收關	5.0	5.667	0.0	0.471
實施30分的警報發放	5.0	2.333	0.0	1.886
看到這個訊息的時候真的很氣憤	2.667	7.5	0.471	1.5
遐方不許貢珍奇	4.8	5.6	0.98	1.2
除了衍生難民之外	3.0	4.5	0.0	1.803
英超異常激烈的爭冠大戲	6.0	6.5	0.0	1.803
總有一種不祥的預感	3.5	5.6	0.5	2.417
中共最受信任的危機管理者回到了政治前線	6.5	5.25	0.5	1.299
憑什麼這樣的事情要保密	3.25	6.75	0.433	0.829
若報導牴觸受眾的核心信念	3.5	4.0	0.5	0.0
總目標是高雄要發財	6.333	4.0	0.471	2.16
火腿腸非常不衛生	3.2	6.5	0.98	0.5
其實很難能可貴	7.0	4.75	0.707	2.586
最奇特的就是都是簡體字呢	6.0	6.0	0.0	0.0
聽到時滿腦子的疑惑	4.0	5.0	0.0	0.0
沒有因睡眠後減輕沈重感	3.5	3.6	0.5	1.2
彷彿現在並沒有足夠的能力去思考自己是誰	3.333	4.333	0.471	2.055
還可以促進課金	6.75	4.6	0.433	1.855
374643人受傷	3.0	3.0	0.894	1.581
獨處還需要花學費學習	4.0	6.5	0.0	0.5
還是用刀片式吉利泡沫就	5.0	5.333	0.707	0.471
還沒逛完一圈腰跟膝蓋已經在哀號了	4.0	5.667	0.0	1.247
當值猶太裔惡人	3.0	5.0	0.0	1.0
是總在革新傳統	6.0	6.0	1.633	0.0
一家旅店員工在客房發現三具屍體	3.0	4.0	0.0	2.0
可別再冒充基督徒了	3.75	6.25	0.433	0.829
30年來談64各方由於種種原因迴避其國際背景	3.0	5.333	0.816	0.471
以無知小丑的表演形式淋漓盡致的演繹	5.0	4.333	1.414	0.943
真心覺得她很強	6.5	5.0	0.5	2.0
巴基斯坦一五星級酒店遭武裝突襲	3.0	3.75	0.894	0.829
當時英國出來調停	5.0	2.75	0.0	1.785
祂為你的修行消除障礙	6.4	3.8	0.49	1.6
高一時候做的小花束現在還沒丟掉呢	6.0	6.0	0.0	0.816
這是我觀賞過的最令人驚歎的演出	7.0	7.75	0.0	0.433
雙普通電話並非突發事件	4.333	4.333	0.471	2.357
吵架也是一種溝通	6.0	5.0	0.707	0.0
頭微微傾向會倒住掌心那一側	5.0	4.0	0.0	0.816
一般人不易聽懂	4.5	5.0	0.5	0.0
當時大家的焦點在於會否動武	5.0	4.333	0.0	2.055
女配壓倒性比原女主美	6.5	4.8	0.866	2.04
同時性格刻畫鮮明	6.0	4.75	0.0	0.433
這便是汝的惡習唷	3.6	5.25	0.49	0.829
我們在原則問題上決不讓步	6.0	6.667	0.816	0.943
是血腥共畜的走狗與鷹犬	2.5	6.0	0.5	0.707
多少個徬徨的夜晚	3.6	5.25	0.49	1.479
所以無法跟不熟的人很放心的聊天	4.0	4.5	0.0	0.5
種種人格上的控訴	3.0	4.0	0.0	2.236
是你獨一無二的證明	7.5	5.5	0.5	0.5
公共電視很丟臉	3.0	5.75	0.707	0.829
不為浩瀚天宇的熠熠星輝而迷亂	6.5	3.5	0.5	2.062
現在差的是政府	3.5	5.75	0.5	1.785
川普總統認為美國吃虧上當太久了	4.5	4.75	0.5	0.829
美食化解的不僅是飢餓	6.0	5.333	0.816	1.7
大饑荒的發生是分分鐘鐘的事情	3.0	5.25	0.0	1.09
跑到安全地方逍遙快活了	5.667	4.667	1.886	0.943
如果我果斷獨自沉澱	4.333	3.667	0.471	2.494
畢竟我家庭美滿	7.333	5.667	0.471	0.471
00向所有的母親們致以衷心的問候	7.0	6.0	0.0	0.816
施以獅虎式的教育	4.333	5.0	0.943	2.16
必須做出殘酷抉擇	3.0	6.5	0.0	1.118
而是這個國家的大方向已經轉變	5.0	2.0	0.0	0.0
就這樣不知不覺為你著迷了	6.6	5.6	0.49	0.49
叫不醒一個喪失了立場	3.0	4.0	0.0	2.0
可以多一個默默守護的牽掛	6.6	4.0	0.49	0.0
在一片譁眾取寵中繼續編造虛假檔案	2.0	5.333	0.707	0.471
讓人得以無懼地向前走	6.5	5.5	0.5	1.118
過去美國總統及其他國家一直在助長中共這惡勢力	3.75	7.25	0.829	0.829
考察隊被困住了	3.667	5.667	0.471	1.247
地科老師就在上課時大力評批憂鬱症的人都是養尊處優	2.25	6.0	1.299	0.816
總之我有點沮喪	3.333	5.333	0.943	1.7
所以我很羨慕我弟	5.0	5.0	1.414	0.816
然後自己判斷為什麼種族主義者丹尼貝克獲得了一張免費通行證或者這些可憎的母親為他提供的蹩腳的藉口	4.0	4.0	0.0	0.0
現在社交軟體都會向使用者申請讀取聯絡人的許可權	5.667	3.0	0.471	1.414
這不是個合格的媒體	3.4	5.8	0.49	1.47
美國終於出了個敢於與中共較勁的商人總統川普	6.4	7.25	1.2	1.299
然後因為馬聲望下降民進黨攀升的政治能量	5.0	4.333	0.816	1.886
只能聽諂媚不能聽良謀	3.0	4.75	0.0	0.433
讓農地違章工廠取得永久居留權	4.0	4.333	0.0	0.943
大家說誰是混蛋王八蛋	2.6	6.75	0.49	0.433
畢竟國內人身不算自由	3.0	5.0	0.0	0.816
過人和組織進攻很流暢	6.333	4.333	0.471	0.471
而高通牢牢把握了3	5.0	4.0	0.0	2.121
一旦廢除收費站	4.4	6.25	0.49	0.829
更是人類發展歷史長河中最絕妙的諷刺	3.75	5.25	0.433	1.479
由於北京的網路封鎖政策	3.667	3.333	0.471	1.7
讓小鳥捎去我我最深情的問候	6.5	5.5	0.5	0.866
說點萬念俱灰的話	3.5	5.25	0.5	0.829
由自己一手創立的世界貿易規則	6.0	5.667	0.0	0.471
一方面又說臺灣是國際讚譽的民主	5.4	3.8	1.2	1.6
後又有律師反訴其拖欠工資	3.4	4.0	0.49	1.0
建議找後路撤退	5.0	4.0	0.0	1.581
賴清德馬上允諾	5.6	5.2	0.49	1.6
李亞蒨腿斷變瘸腿	3.0	4.5	0.0	0.5
前瑞典駐華大使被指控擅自與中國中間人談判桂民海案	3.333	4.0	0.471	2.449
萬物繁茂的季節	8.0	3.5	0.707	0.866
昨天晚上夢見海賊王了	7.0	5.0	0.0	0.0
請拉著我的手一起逃跑	6.0	5.6	0.0	1.855
保羅與火箭助教駁斥報導	3.5	6.0	0.5	1.581
於是我們看到生育率下降	3.5	4.0	0.5	0.0
胡錦濤去到哪就追到哪誓為李旺陽討回真相	5.0	5.0	0.0	2.757
噁男才不準進健身房啦	3.0	7.25	0.0	0.829
英為能相見而毀掉翅膀掉入人間	2.333	5.667	0.943	1.886
有時還會與鄰居幫賴辯解	3.0	5.0	0.0	0.0
她的東西經常被毀壞	3.75	3.6	0.433	1.855
晚上一邊過敏發作狂噴嚏一邊洗嬰兒屁股以及唱歌講故事陪睡	4.0	5.333	0.0	0.471
取得了顯著的生態	6.75	3.0	0.433	1.0
如果明年總統選舉實現連任	4.0	4.0	0.0	0.0
原來是有被罷官的憂患意識啊	4.0	6.333	0.816	0.943
我最不稀罕人家的錢	4.5	5.75	0.5	0.433
貴婦極致無瑕美肌	6.75	5.0	0.829	0.707
高素質高學歷高理解力的有暴力武器	3.0	5.75	0.707	1.785
反同陣團堅毅不屈	5.0	3.75	0.894	1.299
東一榔頭西一棒子的到處惹事兒蹭熱點	3.333	4.667	0.471	0.471
因此中共設法耐心勸阻引導那裡的人改吃狗肉	4.5	5.667	1.118	0.471
少年聚眾喝酒起口角	3.0	4.25	0.0	1.92
而拒絕更多讓步的中國國家主席習近平表示自己會負完全責任	4.333	3.667	0.471	1.247
螢幕在手掌包圍下的部分基本上都是可操控的	5.0	3.5	0.0	1.5
取消香港關係法吧	4.5	3.25	0.5	1.479
美方再度高舉關稅大棒加劇中美經貿摩擦升級風險	4.5	4.4	0.5	1.744
招待這位美國的伯理璽天德	5.667	3.333	0.471	1.247
博古王若飛葉挺罹難	2.6	3.25	0.49	1.479
特赦不同黨的叫寬大	6.25	5.0	0.433	0.707
我覺得我們共同對神獻上禮讚	7.333	6.333	1.247	1.7
都拿來咀嚼感慨	3.667	5.5	0.471	1.118
由於特權階層社會法則就是這樣教會中國人的	4.0	5.0	0.0	0.816
不斷向著自己的目標前進	7.5	6.0	0.5	0.707
竟然還看得到有人說麥可貝當年把福克斯踢掉是正確的選擇	3.25	7.0	0.433	0.0
關於那些受難者	4.0	3.25	0.0	1.785
在任意500米上突破後	6.0	4.333	0.0	2.494
或本來就是歹徒的人	3.5	5.5	0.5	1.118
如果是我就玻璃心碎了	3.0	6.6	0.0	1.2
終止後的第九天清晨	5.0	3.667	0.0	2.055
中國經濟增長一直平穩	5.667	4.333	0.471	0.471
其出身背景根本就與憤青所主張的相互牴觸阿	3.0	7.0	0.0	0.816
也成為她疲乏時候的喜樂	6.4	5.0	0.49	0.0
你那無家可歸飽經風波的人們	3.0	6.0	0.0	0.0
儲存一些有用的資訊	6.0	3.5	0.707	1.118
而中方的法律則是如毛澤東說過的	5.0	4.0	0.0	0.0
彩工房期間限定	6.0	6.0	0.0	0.816
但當時還是不管怎麼看都是灰綠	4.0	3.0	1.0	2.0
在我的第二屆任期內進行談判的話	5.0	1.5	0.0	0.5
就是那種每天疑神疑鬼的人	3.333	4.333	0.471	1.7
即可達到興旺避邪的目的	7.0	4.5	0.0	0.5
到西方極樂世界逍遙一世	6.5	4.5	0.5	1.803
貨幣貶值為什麼可以抵掉關稅	5.0	4.5	0.0	2.5
因為是他們在縱容邪教	3.333	4.333	0.471	1.247
三度提出司法請求與會商要求	5.0	3.333	0.0	0.471
我只知道她沒有哽咽	4.667	3.75	0.471	2.278
鬧劇而沾沾自喜	4.333	4.667	1.247	1.247
他們也感染了綠色宜人的英格蘭和英國其他地區	6.333	4.333	0.943	0.943
頭髮會不停地自動長長	6.0	4.333	0.816	0.943
過去他們很輕鬆地賺錢	5.667	4.0	1.247	0.816
都會被追究刑事責任	4.0	3.667	0.0	0.471
路上很乖不哭鬧	6.8	3.2	0.98	1.47
三谷三木表現出所有的羞怯裸體主義	5.5	4.333	0.5	0.471
粉絲秀20年珍藏求籤名	6.0	2.667	0.816	1.247
